{
  "project_info": {
    "project_number": "348830698186",
    "project_id": "otp-verify-2fc4b",
    "storage_bucket": "otp-verify-2fc4b.appspot.com"
  },
  "client": [
    {
      "client_info": {
        "mobilesdk_app_id": "1:348830698186:android:143735179a0360dbe04233",
        "android_client_info": {
          "package_name": "com.example.otpverification"
        }
      },
      "oauth_client": [],
      "api_key": [
        {
          "current_key": "AIzaSyBKSpPlRCWqX-EQIjOr7AM_F8NW0bZSrsY"
        }
      ],
      "services": {
        "appinvite_service": {
          "other_platform_oauth_client": []
        }
      }
    }
  ],
  "configuration_version": "1"
}